## 🔄 Column Order Flexibility & Multiple Row Insertions

---

## 🔀 Column Order is Flexible

### 🎯 **Key Rule: Order Must Match, But YOU Choose the Order**

**Standard Order:**
```sql
INSERT INTO cats (name, age) 
VALUES ('Jetson', 7);
```

**Reversed Order (Also Valid!):**
```sql
INSERT INTO cats (age, name) 
VALUES (2, 'Beth');
```

### 📊 **The Matching Pattern:**
```sql
-- Option 1: Name first
INSERT INTO cats (name, age) VALUES ('Beth', 2);
                  ↑     ↑            ↑      ↑
                name  age         name   age

-- Option 2: Age first  
INSERT INTO cats (age, name) VALUES (2, 'Beth');
                  ↑    ↑            ↑   ↑
                age  name         age  name
```

**🔑 Both work perfectly as long as values match the column order you specified!**

---

## ✅ Successful Order Change Example

### 💻 **Command Line Demo:**
```sql
mysql> INSERT INTO cats (age, name) VALUES (2, 'Beth');
Query OK, 1 row affected (0.01 sec)

mysql> SELECT * FROM cats;
+------------+------+
| name       | age  |
+------------+------+
| Blue Steele| 5    |
| Jenkins    | 7    |
| Beth       | 2    |  ← New cat added successfully!
+------------+------+
3 rows in set (0.00 sec)
```

### 🎯 **What Happened:**
- ✅ **Specified order:** `(age, name)` 
- ✅ **Provided values:** `(2, 'Beth')`
- ✅ **MySQL understood:** Age=2, Name='Beth'
- ✅ **Data stored correctly** in proper columns

---

## ❌ What Happens When Order is Wrong?

### 🚨 **The Mistake:**
```sql
-- WRONG: Columns say name first, but values have age first
INSERT INTO cats (name, age) VALUES (8, 'Linus');
                  ↑     ↑            ↑   ↑
                name  age          age  name
                                   ⚠️ MISMATCH!
```

### 💥 **The Error:**
```sql
mysql> INSERT INTO cats (name, age) VALUES (8, 'Linus');
ERROR 1366 (HY000): Incorrect integer value: 'Linus' for column 'age' at row 1
```

### 🔍 **Understanding the Error:**
- 🎯 **MySQL expected:** Name (text) first, Age (number) second
- 😡 **MySQL received:** 8 first, 'Linus' second  
- 🤔 **MySQL tried:** Put 8 in name column (worked), put 'Linus' in age column (FAILED!)
- ❌ **Error:** "Linus" is not a valid integer for the age column

### 🛡️ **Protection in Action:**
```sql
-- Check if the bad data was inserted
mysql> SELECT * FROM cats;
-- Linus is NOT in the table - the error prevented insertion! ✅
```

**🔑 Key Point:** Data type rules are ENFORCED, not suggestions!

---

## 📊 Multiple Row Insertions

### 🚀 **Why Insert Multiple Rows at Once?**

**Inefficient (One at a time):**
```sql
INSERT INTO cats (name, age) VALUES ('Meatball', 5);
INSERT INTO cats (name, age) VALUES ('Turkey', 1);
INSERT INTO cats (name, age) VALUES ('Potato Face', 15);
```

**Efficient (All at once):**
```sql
INSERT INTO cats (name, age) VALUES 
    ('Meatball', 5),
    ('Turkey', 1),
    ('Potato Face', 15);
```

---

## 🎯 Multiple Insert Syntax

### 📝 **Basic Pattern:**
```sql
INSERT INTO table_name (column1, column2) VALUES 
    (value1a, value2a),
    (value1b, value2b),
    (value1c, value2c);
```

### 🐱 **Real Example:**
```sql
INSERT INTO cats (name, age) VALUES 
    ('Meatball', 5),
    ('Turkey', 1),
    ('Potato Face', 15);
```

### 🔧 **Breaking it Down:**
| Component | Example | Purpose |
|-----------|---------|---------|
| 🔑 **INSERT INTO** | `INSERT INTO cats` | Standard command start |
| 📊 **Column List** | `(name, age)` | Defines order for ALL rows |
| 💾 **VALUES** | `VALUES` | Keyword before data |
| 📦 **Row 1** | `('Meatball', 5)` | First cat data |
| ➕ **Comma** | `,` | Separator between rows |
| 📦 **Row 2** | `('Turkey', 1)` | Second cat data |
| ➕ **Comma** | `,` | Another separator |
| 📦 **Row 3** | `('Potato Face', 15)` | Third cat data |
| ✅ **Semicolon** | `;` | End the entire statement |

---

## 🎨 Formatting Options

### 📝 **Compact Format:**
```sql
INSERT INTO cats (name, age) VALUES ('Meatball', 5), ('Turkey', 1), ('Potato Face', 15);
```

### 📋 **Readable Format (Recommended):**
```sql
INSERT INTO cats (name, age) VALUES 
    ('Meatball', 5),
    ('Turkey', 1),
    ('Potato Face', 15);
```

### 📐 **Aligned Format (Extra Nice):**
```sql
INSERT INTO cats (name, age) VALUES 
    ('Meatball',    5),
    ('Turkey',      1),
    ('Potato Face', 15);
```

**💡 All formats work identically - choose what looks best to you!**

---

## 💻 Execution Example

### 🖥️ **Command Line:**
```sql
mysql> INSERT INTO cats (name, age) VALUES 
    -> ('Meatball', 5),
    -> ('Turkey', 1),
    -> ('Potato Face', 15);
Query OK, 3 rows affected (0.01 sec)
Records: 3  Duplicates: 0  Warnings: 0
```

### 📊 **Success Indicators:**
- ✅ **Query OK** = Command successful
- ✅ **3 rows affected** = All three cats inserted
- ✅ **Records: 3** = Confirms 3 new records
- ✅ **Duplicates: 0** = No duplicate issues
- ✅ **Warnings: 0** = No problems encountered

### 👀 **Verification:**
```sql
mysql> SELECT * FROM cats;
+------------+------+
| name       | age  |
+------------+------+
| Blue Steele| 5    |
| Jenkins    | 7    |
| Beth       | 2    |
| Meatball   | 5    |
| Turkey     | 1    |
| Potato Face| 15   |
+------------+------+
6 rows in set (0.00 sec)
```

---

## 🖱️ GUI Considerations

### 🎨 **DbGate Auto-Semicolon:**
```sql
-- Even without semicolon, some GUIs are smart:
INSERT INTO cats (name, age) VALUES 
    ('Meatball', 5),
    ('Turkey', 1),
    ('Potato Face', 15)  -- ← No semicolon, but may still work!
```

### ⚠️ **Best Practice:**
Always include the semicolon for consistency:
```sql
INSERT INTO cats (name, age) VALUES 
    ('Meatball', 5),
    ('Turkey', 1),
    ('Potato Face', 15);  -- ← Proper semicolon ✅
```

---

## 🎯 Real-World Applications

### 👥 **Bulk User Registration:**
```sql
INSERT INTO users (username, email, age) VALUES 
    ('john_doe', 'john@email.com', 25),
    ('jane_smith', 'jane@email.com', 30),
    ('mike_wilson', 'mike@email.com', 28);
```

### 🛒 **Product Catalog Setup:**
```sql
INSERT INTO products (name, price, category) VALUES 
    ('Cat Food Premium', 25, 'Pet Supplies'),
    ('Dog Leash', 15, 'Pet Accessories'),
    ('Bird Cage', 75, 'Pet Housing');
```

### 📚 **Blog Post Creation:**
```sql
INSERT INTO posts (title, author, content) VALUES 
    ('SQL Basics', 'Admin', 'Learn fundamental SQL commands...'),
    ('Database Design', 'Expert', 'How to design efficient databases...'),
    ('MySQL Tips', 'Guru', 'Advanced MySQL optimization techniques...');
```

---

## 🛡️ Error Prevention Tips

### ✅ **Best Practices:**

**1. Double-Check Column Order:**
```sql
-- Look at your column list
INSERT INTO cats (name, age) VALUES  -- name first, age second
    ('Fluffy', 3);  -- ✅ name first, age second - matches!
```

**2. Use Consistent Patterns:**
```sql
-- All rows follow same pattern
INSERT INTO cats (name, age) VALUES 
    ('Cat1', 1),  -- ✅ name, age
    ('Cat2', 2),  -- ✅ name, age  
    ('Cat3', 3);  -- ✅ name, age
```

**3. Verify Data Types:**
```sql
-- Make sure values match column types
INSERT INTO cats (name, age) VALUES 
    ('Whiskers', 5),    -- ✅ text, number
    ('Shadow', 'old');  -- ❌ text, text - will fail!
```

---

## 🧪 Practice Exercise

### 🎯 **Try This Multiple Insert:**

**Create a simple table:**
```sql
CREATE TABLE students (
    name VARCHAR(50),
    grade INT
);
```

**Insert multiple students at once:**
```sql
INSERT INTO students (name, grade) VALUES 
    ('Alice', 95),
    ('Bob', 87),
    ('Charlie', 92);
```

**Verify the results:**
```sql
SELECT * FROM students;
```

**Expected output:**
```
+---------+-------+
| name    | grade |
+---------+-------+
| Alice   | 95    |
| Bob     | 87    |
| Charlie | 92    |
+---------+-------+
```

---

## 🎯 Key Takeaways

### ✅ **Column Order Flexibility:**
1. 🔄 **You choose the order** - name first OR age first
2. 📊 **Values must match** your chosen column order
3. ❌ **Mismatched order** causes data type errors
4. 🛡️ **Errors prevent insertion** - protects your data

### ✅ **Multiple Row Insertions:**
1. 🚀 **More efficient** than individual INSERTs
2. 📝 **Same column pattern** for all rows
3. ➕ **Comma-separated** value sets
4. ✅ **One semicolon** at the very end

### 💡 **Pro Tips:**
- 📋 **Format for readability** - use line breaks and indentation
- 🔍 **Always verify** with SELECT after inserting
- 🧪 **Test with small batches** before large insertions
- ⚠️ **Include semicolons** even if your GUI is forgiving

---

**🎉 You now have flexible INSERT powers! You can change column order AND insert multiple rows efficiently!**

*Ready to explore more advanced data manipulation techniques?* 🚀

**Coming up: Working with different data types and handling special cases!** 📊
