## ğŸ”„ Column Order Flexibility & Multiple Row Insertions

---

## ğŸ”€ Column Order is Flexible

### ğŸ¯ **Key Rule: Order Must Match, But YOU Choose the Order**

**Standard Order:**
```sql
INSERT INTO cats (name, age) 
VALUES ('Jetson', 7);
```

**Reversed Order (Also Valid!):**
```sql
INSERT INTO cats (age, name) 
VALUES (2, 'Beth');
```

### ğŸ“Š **The Matching Pattern:**
```sql
-- Option 1: Name first
INSERT INTO cats (name, age) VALUES ('Beth', 2);
                  â†‘     â†‘            â†‘      â†‘
                name  age         name   age

-- Option 2: Age first  
INSERT INTO cats (age, name) VALUES (2, 'Beth');
                  â†‘    â†‘            â†‘   â†‘
                age  name         age  name
```

**ğŸ”‘ Both work perfectly as long as values match the column order you specified!**

---

## âœ… Successful Order Change Example

### ğŸ’» **Command Line Demo:**
```sql
mysql> INSERT INTO cats (age, name) VALUES (2, 'Beth');
Query OK, 1 row affected (0.01 sec)

mysql> SELECT * FROM cats;
+------------+------+
| name       | age  |
+------------+------+
| Blue Steele| 5    |
| Jenkins    | 7    |
| Beth       | 2    |  â† New cat added successfully!
+------------+------+
3 rows in set (0.00 sec)
```

### ğŸ¯ **What Happened:**
- âœ… **Specified order:** `(age, name)` 
- âœ… **Provided values:** `(2, 'Beth')`
- âœ… **MySQL understood:** Age=2, Name='Beth'
- âœ… **Data stored correctly** in proper columns

---

## âŒ What Happens When Order is Wrong?

### ğŸš¨ **The Mistake:**
```sql
-- WRONG: Columns say name first, but values have age first
INSERT INTO cats (name, age) VALUES (8, 'Linus');
                  â†‘     â†‘            â†‘   â†‘
                name  age          age  name
                                   âš ï¸ MISMATCH!
```

### ğŸ’¥ **The Error:**
```sql
mysql> INSERT INTO cats (name, age) VALUES (8, 'Linus');
ERROR 1366 (HY000): Incorrect integer value: 'Linus' for column 'age' at row 1
```

### ğŸ” **Understanding the Error:**
- ğŸ¯ **MySQL expected:** Name (text) first, Age (number) second
- ğŸ˜¡ **MySQL received:** 8 first, 'Linus' second  
- ğŸ¤” **MySQL tried:** Put 8 in name column (worked), put 'Linus' in age column (FAILED!)
- âŒ **Error:** "Linus" is not a valid integer for the age column

### ğŸ›¡ï¸ **Protection in Action:**
```sql
-- Check if the bad data was inserted
mysql> SELECT * FROM cats;
-- Linus is NOT in the table - the error prevented insertion! âœ…
```

**ğŸ”‘ Key Point:** Data type rules are ENFORCED, not suggestions!

---

## ğŸ“Š Multiple Row Insertions

### ğŸš€ **Why Insert Multiple Rows at Once?**

**Inefficient (One at a time):**
```sql
INSERT INTO cats (name, age) VALUES ('Meatball', 5);
INSERT INTO cats (name, age) VALUES ('Turkey', 1);
INSERT INTO cats (name, age) VALUES ('Potato Face', 15);
```

**Efficient (All at once):**
```sql
INSERT INTO cats (name, age) VALUES 
    ('Meatball', 5),
    ('Turkey', 1),
    ('Potato Face', 15);
```

---

## ğŸ¯ Multiple Insert Syntax

### ğŸ“ **Basic Pattern:**
```sql
INSERT INTO table_name (column1, column2) VALUES 
    (value1a, value2a),
    (value1b, value2b),
    (value1c, value2c);
```

### ğŸ± **Real Example:**
```sql
INSERT INTO cats (name, age) VALUES 
    ('Meatball', 5),
    ('Turkey', 1),
    ('Potato Face', 15);
```

### ğŸ”§ **Breaking it Down:**
| Component | Example | Purpose |
|-----------|---------|---------|
| ğŸ”‘ **INSERT INTO** | `INSERT INTO cats` | Standard command start |
| ğŸ“Š **Column List** | `(name, age)` | Defines order for ALL rows |
| ğŸ’¾ **VALUES** | `VALUES` | Keyword before data |
| ğŸ“¦ **Row 1** | `('Meatball', 5)` | First cat data |
| â• **Comma** | `,` | Separator between rows |
| ğŸ“¦ **Row 2** | `('Turkey', 1)` | Second cat data |
| â• **Comma** | `,` | Another separator |
| ğŸ“¦ **Row 3** | `('Potato Face', 15)` | Third cat data |
| âœ… **Semicolon** | `;` | End the entire statement |

---

## ğŸ¨ Formatting Options

### ğŸ“ **Compact Format:**
```sql
INSERT INTO cats (name, age) VALUES ('Meatball', 5), ('Turkey', 1), ('Potato Face', 15);
```

### ğŸ“‹ **Readable Format (Recommended):**
```sql
INSERT INTO cats (name, age) VALUES 
    ('Meatball', 5),
    ('Turkey', 1),
    ('Potato Face', 15);
```

### ğŸ“ **Aligned Format (Extra Nice):**
```sql
INSERT INTO cats (name, age) VALUES 
    ('Meatball',    5),
    ('Turkey',      1),
    ('Potato Face', 15);
```

**ğŸ’¡ All formats work identically - choose what looks best to you!**

---

## ğŸ’» Execution Example

### ğŸ–¥ï¸ **Command Line:**
```sql
mysql> INSERT INTO cats (name, age) VALUES 
    -> ('Meatball', 5),
    -> ('Turkey', 1),
    -> ('Potato Face', 15);
Query OK, 3 rows affected (0.01 sec)
Records: 3  Duplicates: 0  Warnings: 0
```

### ğŸ“Š **Success Indicators:**
- âœ… **Query OK** = Command successful
- âœ… **3 rows affected** = All three cats inserted
- âœ… **Records: 3** = Confirms 3 new records
- âœ… **Duplicates: 0** = No duplicate issues
- âœ… **Warnings: 0** = No problems encountered

### ğŸ‘€ **Verification:**
```sql
mysql> SELECT * FROM cats;
+------------+------+
| name       | age  |
+------------+------+
| Blue Steele| 5    |
| Jenkins    | 7    |
| Beth       | 2    |
| Meatball   | 5    |
| Turkey     | 1    |
| Potato Face| 15   |
+------------+------+
6 rows in set (0.00 sec)
```

---

## ğŸ–±ï¸ GUI Considerations

### ğŸ¨ **DbGate Auto-Semicolon:**
```sql
-- Even without semicolon, some GUIs are smart:
INSERT INTO cats (name, age) VALUES 
    ('Meatball', 5),
    ('Turkey', 1),
    ('Potato Face', 15)  -- â† No semicolon, but may still work!
```

### âš ï¸ **Best Practice:**
Always include the semicolon for consistency:
```sql
INSERT INTO cats (name, age) VALUES 
    ('Meatball', 5),
    ('Turkey', 1),
    ('Potato Face', 15);  -- â† Proper semicolon âœ…
```

---

## ğŸ¯ Real-World Applications

### ğŸ‘¥ **Bulk User Registration:**
```sql
INSERT INTO users (username, email, age) VALUES 
    ('john_doe', 'john@email.com', 25),
    ('jane_smith', 'jane@email.com', 30),
    ('mike_wilson', 'mike@email.com', 28);
```

### ğŸ›’ **Product Catalog Setup:**
```sql
INSERT INTO products (name, price, category) VALUES 
    ('Cat Food Premium', 25, 'Pet Supplies'),
    ('Dog Leash', 15, 'Pet Accessories'),
    ('Bird Cage', 75, 'Pet Housing');
```

### ğŸ“š **Blog Post Creation:**
```sql
INSERT INTO posts (title, author, content) VALUES 
    ('SQL Basics', 'Admin', 'Learn fundamental SQL commands...'),
    ('Database Design', 'Expert', 'How to design efficient databases...'),
    ('MySQL Tips', 'Guru', 'Advanced MySQL optimization techniques...');
```

---

## ğŸ›¡ï¸ Error Prevention Tips

### âœ… **Best Practices:**

**1. Double-Check Column Order:**
```sql
-- Look at your column list
INSERT INTO cats (name, age) VALUES  -- name first, age second
    ('Fluffy', 3);  -- âœ… name first, age second - matches!
```

**2. Use Consistent Patterns:**
```sql
-- All rows follow same pattern
INSERT INTO cats (name, age) VALUES 
    ('Cat1', 1),  -- âœ… name, age
    ('Cat2', 2),  -- âœ… name, age  
    ('Cat3', 3);  -- âœ… name, age
```

**3. Verify Data Types:**
```sql
-- Make sure values match column types
INSERT INTO cats (name, age) VALUES 
    ('Whiskers', 5),    -- âœ… text, number
    ('Shadow', 'old');  -- âŒ text, text - will fail!
```

---

## ğŸ§ª Practice Exercise

### ğŸ¯ **Try This Multiple Insert:**

**Create a simple table:**
```sql
CREATE TABLE students (
    name VARCHAR(50),
    grade INT
);
```

**Insert multiple students at once:**
```sql
INSERT INTO students (name, grade) VALUES 
    ('Alice', 95),
    ('Bob', 87),
    ('Charlie', 92);
```

**Verify the results:**
```sql
SELECT * FROM students;
```

**Expected output:**
```
+---------+-------+
| name    | grade |
+---------+-------+
| Alice   | 95    |
| Bob     | 87    |
| Charlie | 92    |
+---------+-------+
```

---

## ğŸ¯ Key Takeaways

### âœ… **Column Order Flexibility:**
1. ğŸ”„ **You choose the order** - name first OR age first
2. ğŸ“Š **Values must match** your chosen column order
3. âŒ **Mismatched order** causes data type errors
4. ğŸ›¡ï¸ **Errors prevent insertion** - protects your data

### âœ… **Multiple Row Insertions:**
1. ğŸš€ **More efficient** than individual INSERTs
2. ğŸ“ **Same column pattern** for all rows
3. â• **Comma-separated** value sets
4. âœ… **One semicolon** at the very end

### ğŸ’¡ **Pro Tips:**
- ğŸ“‹ **Format for readability** - use line breaks and indentation
- ğŸ” **Always verify** with SELECT after inserting
- ğŸ§ª **Test with small batches** before large insertions
- âš ï¸ **Include semicolons** even if your GUI is forgiving

---

**ğŸ‰ You now have flexible INSERT powers! You can change column order AND insert multiple rows efficiently!**

*Ready to explore more advanced data manipulation techniques?* ğŸš€

**Coming up: Working with different data types and handling special cases!** ğŸ“Š
