## 🎯 Practice Exercise: Build a People Database

---

## 📋 The Assignment

### 🏗️ **Step 1: Create the Table**
Create a table called `people` with these specifications:

| Column | Data Type | Specifications |
|--------|-----------|---------------|
| 👤 **first_name** | VARCHAR(20) | Text, max 20 characters |
| 👤 **last_name** | VARCHAR(20) | Text, max 20 characters |
| 🎂 **age** | INT | Whole numbers only |

### 📥 **Step 2: Single Insertions**
Insert these people one at a time:
- 🎭 **Tina Belcher**, age 13
- 👨‍🍳 **Bob Belcher**, age 42

### 📊 **Step 3: Multiple Insertion**
Insert these three people all at once:
- 👩 **Linda Belcher**, age 45
- 👨‍🏫 **Philip Frond**, age 38
- 💰 **Calvin Fischoeder**, age 70

### 🗑️ **Step 4: Cleanup**
Drop the entire table when finished

---

## ⏸️ PAUSE HERE - Try It Yourself First!

**🎯 Challenge yourself:** Complete the exercise before looking at the solution below!

---

## ✅ Solution Walkthrough

### 🏗️ **Step 1: Create the People Table**

```sql
-- Create the table structure
CREATE TABLE people (
    first_name VARCHAR(20),
    last_name VARCHAR(20),
    age INT
);
```

**Verify the structure:**
```sql
-- Check if table was created correctly
DESC people;
```

**Expected output:**
```
+------------+-------------+------+-----+---------+-------+
| Field      | Type        | Null | Key | Default | Extra |
+------------+-------------+------+-----+---------+-------+
| first_name | varchar(20) | YES  |     | NULL    |       |
| last_name  | varchar(20) | YES  |     | NULL    |       |
| age        | int         | YES  |     | NULL    |       |
+------------+-------------+------+-----+---------+-------+
```

---

### 📥 **Step 2: Single Person Insertions**

**Insert Tina Belcher:**
```sql
INSERT INTO people (first_name, last_name, age) 
VALUES ('Tina', 'Belcher', 13);
```

**Verify first insertion:**
```sql
SELECT * FROM people;
```

**Expected output:**
```
+------------+-----------+------+
| first_name | last_name | age  |
+------------+-----------+------+
| Tina       | Belcher   | 13   |
+------------+-----------+------+
1 row in set
```

**Insert Bob Belcher:**
```sql
INSERT INTO people (first_name, last_name, age) 
VALUES ('Bob', 'Belcher', 42);
```

**Verify second insertion:**
```sql
SELECT * FROM people;
```

**Expected output:**
```
+------------+-----------+------+
| first_name | last_name | age  |
+------------+-----------+------+
| Tina       | Belcher   | 13   |
| Bob        | Belcher   | 42   |
+------------+-----------+------+
2 rows in set
```

---

### 📊 **Step 3: Multiple Row Insertion**

```sql
INSERT INTO people (first_name, last_name, age) VALUES 
    ('Linda', 'Belcher', 45),
    ('Philip', 'Frond', 38),
    ('Calvin', 'Fischoeder', 70);
```

**Alternative formatting (aligned for readability):**
```sql
INSERT INTO people (first_name, last_name, age) VALUES 
    ('Linda',  'Belcher',    45),
    ('Philip', 'Frond',      38),
    ('Calvin', 'Fischoeder', 70);
```

**Verify all insertions:**
```sql
SELECT * FROM people;
```

**Expected final output:**
```
+------------+-----------+------+
| first_name | last_name | age  |
+------------+-----------+------+
| Tina       | Belcher   | 13   |
| Bob        | Belcher   | 42   |
| Linda      | Belcher   | 45   |
| Philip     | Frond     | 38   |
| Calvin     | Fischoeder| 70   |
+------------+-----------+------+
5 rows in set
```

---

### 🗑️ **Step 4: Clean Up**

```sql
-- Remove the entire table
DROP TABLE people;
```

**Verify deletion:**
```sql
-- This should produce an error confirming table is gone
SELECT * FROM people;
-- ERROR 1146: Table 'pet_shop.people' doesn't exist ✅
```

---

## 💻 Command Line vs GUI Approaches

### 🖥️ **Terminal Method:**
```sql
-- All commands can be run directly in MySQL shell
mysql> USE pet_shop;
mysql> CREATE TABLE people (
    ->     first_name VARCHAR(20),
    ->     last_name VARCHAR(20),
    ->     age INT
    -> );
mysql> INSERT INTO people (first_name, last_name, age) 
    -> VALUES ('Tina', 'Belcher', 13);
-- ... continue with other insertions
```

### 🖱️ **GUI Method (MySQL Workbench/DbGate):**
1. 📂 **Select** pet_shop database
2. ✏️ **Write** CREATE TABLE statement
3. ⚡ **Execute** with lightning bolt
4. 🔄 **Refresh** to see new table
5. ✏️ **Write** INSERT statements
6. ⚡ **Execute** each statement
7. 👀 **Use SELECT** to verify results

---

## 🔍 Troubleshooting Common Issues

### ❌ **Problem 1: Table Already Exists**
```sql
-- Error: Table 'people' already exists
-- Solution: Drop it first or use different name
DROP TABLE people;
CREATE TABLE people (...);
```

### ❌ **Problem 2: Wrong Database**
```sql
-- Make sure you're in the right database
USE pet_shop;  -- Or whatever database you want
CREATE TABLE people (...);
```

### ❌ **Problem 3: Data Type Errors**
```sql
-- Error: Incorrect integer value 'thirteen' for column 'age'
-- Wrong:
INSERT INTO people VALUES ('Tina', 'Belcher', 'thirteen');
-- Right:
INSERT INTO people VALUES ('Tina', 'Belcher', 13);
```

### ❌ **Problem 4: Column Order Confusion**
```sql
-- Wrong order:
INSERT INTO people (first_name, last_name, age) 
VALUES (13, 'Tina', 'Belcher');  -- age, first_name, last_name

-- Right order:
INSERT INTO people (first_name, last_name, age) 
VALUES ('Tina', 'Belcher', 13);  -- first_name, last_name, age
```

---

## 🎭 Bob's Burgers Character Database

### 📺 **Fun Fact: The Characters**
All these characters are from the animated TV show "Bob's Burgers":

| Character | Role | Age |
|-----------|------|-----|
| 🎭 **Tina Belcher** | Eldest daughter | 13 |
| 👨‍🍳 **Bob Belcher** | Restaurant owner/father | 42 |
| 👩 **Linda Belcher** | Mother | 45 |
| 👨‍🏫 **Philip Frond** | School guidance counselor | 38 |
| 💰 **Calvin Fischoeder** | Wealthy landlord | 70 |

### 🎯 **Why This Example Works Well:**
- 👥 **Real character names** - more engaging than generic data
- 📊 **Varied ages** - good range for testing
- 🎪 **Memorable** - easier to remember for verification
- 📺 **Pop culture reference** - makes learning fun!

---

## 🧪 Additional Practice Ideas

### 🎯 **Try These Variations:**

**Alternative Table: Movies**
```sql
CREATE TABLE movies (
    title VARCHAR(50),
    director VARCHAR(30),
    year INT
);

INSERT INTO movies (title, director, year) VALUES 
    ('The Matrix', 'Wachowski Sisters', 1999),
    ('Inception', 'Christopher Nolan', 2010),
    ('Parasite', 'Bong Joon-ho', 2019);
```

**Alternative Table: Books**
```sql
CREATE TABLE books (
    title VARCHAR(100),
    author VARCHAR(50),
    pages INT
);

INSERT INTO books (title, author, pages) VALUES 
    ('1984', 'George Orwell', 328),
    ('To Kill a Mockingbird', 'Harper Lee', 376),
    ('The Great Gatsby', 'F. Scott Fitzgerald', 180);
```

---

## 🎯 Key Learning Points

### ✅ **Skills Demonstrated:**
1. 🏗️ **Table creation** with multiple columns and data types
2. 📥 **Single row insertion** with proper syntax
3. 📊 **Multiple row insertion** for efficiency
4. 👀 **Data verification** using SELECT statements
5. 🗑️ **Table cleanup** with DROP TABLE

### 💡 **Best Practices Reinforced:**
- 🔍 **Always verify** with DESC and SELECT
- 📝 **Use meaningful column names** (first_name vs firstname)
- 🎯 **Match data types** to real-world requirements
- 🧪 **Test incrementally** - verify each step
- 🔄 **Clean up** test data when finished

---

## 🚀 What's Next?

### 📈 **Building Skills Progression:**
```
✅ Basic table creation
✅ Single & multiple insertions  
✅ Data verification
✅ Table cleanup
    ↓
🔍 Advanced SELECT operations
📊 Filtering and sorting data
🔗 Working with multiple tables
💪 Real-world database projects
```

### 🎯 **Coming Up:**
- 🔍 **Advanced SELECT** - filtering, sorting, limiting results
- 📊 **Aggregate functions** - COUNT, SUM, AVG, etc.
- 🎯 **WHERE clauses** - finding specific data
- 📈 **ORDER BY** - sorting results

---

## 🏆 Congratulations!

**🎉 You've successfully completed your first hands-on database exercise!**

**Skills unlocked:**
- ✅ **Table design** and creation
- ✅ **Data insertion** (single and multiple)
- ✅ **Data verification** and testing
- ✅ **Database cleanup** and management

**💪 You're now ready for more advanced SQL operations!**

*Ready to dive deeper into data retrieval and analysis?* 🚀

**Next up: Mastering the SELECT statement for powerful data queries!** 🔍

Similar code found with 2 license types
