## ğŸ¯ Practice Exercise: Build a People Database

---

## ğŸ“‹ The Assignment

### ğŸ—ï¸ **Step 1: Create the Table**
Create a table called `people` with these specifications:

| Column | Data Type | Specifications |
|--------|-----------|---------------|
| ğŸ‘¤ **first_name** | VARCHAR(20) | Text, max 20 characters |
| ğŸ‘¤ **last_name** | VARCHAR(20) | Text, max 20 characters |
| ğŸ‚ **age** | INT | Whole numbers only |

### ğŸ“¥ **Step 2: Single Insertions**
Insert these people one at a time:
- ğŸ­ **Tina Belcher**, age 13
- ğŸ‘¨â€ğŸ³ **Bob Belcher**, age 42

### ğŸ“Š **Step 3: Multiple Insertion**
Insert these three people all at once:
- ğŸ‘© **Linda Belcher**, age 45
- ğŸ‘¨â€ğŸ« **Philip Frond**, age 38
- ğŸ’° **Calvin Fischoeder**, age 70

### ğŸ—‘ï¸ **Step 4: Cleanup**
Drop the entire table when finished

---

## â¸ï¸ PAUSE HERE - Try It Yourself First!

**ğŸ¯ Challenge yourself:** Complete the exercise before looking at the solution below!

---

## âœ… Solution Walkthrough

### ğŸ—ï¸ **Step 1: Create the People Table**

```sql
-- Create the table structure
CREATE TABLE people (
    first_name VARCHAR(20),
    last_name VARCHAR(20),
    age INT
);
```

**Verify the structure:**
```sql
-- Check if table was created correctly
DESC people;
```

**Expected output:**
```
+------------+-------------+------+-----+---------+-------+
| Field      | Type        | Null | Key | Default | Extra |
+------------+-------------+------+-----+---------+-------+
| first_name | varchar(20) | YES  |     | NULL    |       |
| last_name  | varchar(20) | YES  |     | NULL    |       |
| age        | int         | YES  |     | NULL    |       |
+------------+-------------+------+-----+---------+-------+
```

---

### ğŸ“¥ **Step 2: Single Person Insertions**

**Insert Tina Belcher:**
```sql
INSERT INTO people (first_name, last_name, age) 
VALUES ('Tina', 'Belcher', 13);
```

**Verify first insertion:**
```sql
SELECT * FROM people;
```

**Expected output:**
```
+------------+-----------+------+
| first_name | last_name | age  |
+------------+-----------+------+
| Tina       | Belcher   | 13   |
+------------+-----------+------+
1 row in set
```

**Insert Bob Belcher:**
```sql
INSERT INTO people (first_name, last_name, age) 
VALUES ('Bob', 'Belcher', 42);
```

**Verify second insertion:**
```sql
SELECT * FROM people;
```

**Expected output:**
```
+------------+-----------+------+
| first_name | last_name | age  |
+------------+-----------+------+
| Tina       | Belcher   | 13   |
| Bob        | Belcher   | 42   |
+------------+-----------+------+
2 rows in set
```

---

### ğŸ“Š **Step 3: Multiple Row Insertion**

```sql
INSERT INTO people (first_name, last_name, age) VALUES 
    ('Linda', 'Belcher', 45),
    ('Philip', 'Frond', 38),
    ('Calvin', 'Fischoeder', 70);
```

**Alternative formatting (aligned for readability):**
```sql
INSERT INTO people (first_name, last_name, age) VALUES 
    ('Linda',  'Belcher',    45),
    ('Philip', 'Frond',      38),
    ('Calvin', 'Fischoeder', 70);
```

**Verify all insertions:**
```sql
SELECT * FROM people;
```

**Expected final output:**
```
+------------+-----------+------+
| first_name | last_name | age  |
+------------+-----------+------+
| Tina       | Belcher   | 13   |
| Bob        | Belcher   | 42   |
| Linda      | Belcher   | 45   |
| Philip     | Frond     | 38   |
| Calvin     | Fischoeder| 70   |
+------------+-----------+------+
5 rows in set
```

---

### ğŸ—‘ï¸ **Step 4: Clean Up**

```sql
-- Remove the entire table
DROP TABLE people;
```

**Verify deletion:**
```sql
-- This should produce an error confirming table is gone
SELECT * FROM people;
-- ERROR 1146: Table 'pet_shop.people' doesn't exist âœ…
```

---

## ğŸ’» Command Line vs GUI Approaches

### ğŸ–¥ï¸ **Terminal Method:**
```sql
-- All commands can be run directly in MySQL shell
mysql> USE pet_shop;
mysql> CREATE TABLE people (
    ->     first_name VARCHAR(20),
    ->     last_name VARCHAR(20),
    ->     age INT
    -> );
mysql> INSERT INTO people (first_name, last_name, age) 
    -> VALUES ('Tina', 'Belcher', 13);
-- ... continue with other insertions
```

### ğŸ–±ï¸ **GUI Method (MySQL Workbench/DbGate):**
1. ğŸ“‚ **Select** pet_shop database
2. âœï¸ **Write** CREATE TABLE statement
3. âš¡ **Execute** with lightning bolt
4. ğŸ”„ **Refresh** to see new table
5. âœï¸ **Write** INSERT statements
6. âš¡ **Execute** each statement
7. ğŸ‘€ **Use SELECT** to verify results

---

## ğŸ” Troubleshooting Common Issues

### âŒ **Problem 1: Table Already Exists**
```sql
-- Error: Table 'people' already exists
-- Solution: Drop it first or use different name
DROP TABLE people;
CREATE TABLE people (...);
```

### âŒ **Problem 2: Wrong Database**
```sql
-- Make sure you're in the right database
USE pet_shop;  -- Or whatever database you want
CREATE TABLE people (...);
```

### âŒ **Problem 3: Data Type Errors**
```sql
-- Error: Incorrect integer value 'thirteen' for column 'age'
-- Wrong:
INSERT INTO people VALUES ('Tina', 'Belcher', 'thirteen');
-- Right:
INSERT INTO people VALUES ('Tina', 'Belcher', 13);
```

### âŒ **Problem 4: Column Order Confusion**
```sql
-- Wrong order:
INSERT INTO people (first_name, last_name, age) 
VALUES (13, 'Tina', 'Belcher');  -- age, first_name, last_name

-- Right order:
INSERT INTO people (first_name, last_name, age) 
VALUES ('Tina', 'Belcher', 13);  -- first_name, last_name, age
```

---

## ğŸ­ Bob's Burgers Character Database

### ğŸ“º **Fun Fact: The Characters**
All these characters are from the animated TV show "Bob's Burgers":

| Character | Role | Age |
|-----------|------|-----|
| ğŸ­ **Tina Belcher** | Eldest daughter | 13 |
| ğŸ‘¨â€ğŸ³ **Bob Belcher** | Restaurant owner/father | 42 |
| ğŸ‘© **Linda Belcher** | Mother | 45 |
| ğŸ‘¨â€ğŸ« **Philip Frond** | School guidance counselor | 38 |
| ğŸ’° **Calvin Fischoeder** | Wealthy landlord | 70 |

### ğŸ¯ **Why This Example Works Well:**
- ğŸ‘¥ **Real character names** - more engaging than generic data
- ğŸ“Š **Varied ages** - good range for testing
- ğŸª **Memorable** - easier to remember for verification
- ğŸ“º **Pop culture reference** - makes learning fun!

---

## ğŸ§ª Additional Practice Ideas

### ğŸ¯ **Try These Variations:**

**Alternative Table: Movies**
```sql
CREATE TABLE movies (
    title VARCHAR(50),
    director VARCHAR(30),
    year INT
);

INSERT INTO movies (title, director, year) VALUES 
    ('The Matrix', 'Wachowski Sisters', 1999),
    ('Inception', 'Christopher Nolan', 2010),
    ('Parasite', 'Bong Joon-ho', 2019);
```

**Alternative Table: Books**
```sql
CREATE TABLE books (
    title VARCHAR(100),
    author VARCHAR(50),
    pages INT
);

INSERT INTO books (title, author, pages) VALUES 
    ('1984', 'George Orwell', 328),
    ('To Kill a Mockingbird', 'Harper Lee', 376),
    ('The Great Gatsby', 'F. Scott Fitzgerald', 180);
```

---

## ğŸ¯ Key Learning Points

### âœ… **Skills Demonstrated:**
1. ğŸ—ï¸ **Table creation** with multiple columns and data types
2. ğŸ“¥ **Single row insertion** with proper syntax
3. ğŸ“Š **Multiple row insertion** for efficiency
4. ğŸ‘€ **Data verification** using SELECT statements
5. ğŸ—‘ï¸ **Table cleanup** with DROP TABLE

### ğŸ’¡ **Best Practices Reinforced:**
- ğŸ” **Always verify** with DESC and SELECT
- ğŸ“ **Use meaningful column names** (first_name vs firstname)
- ğŸ¯ **Match data types** to real-world requirements
- ğŸ§ª **Test incrementally** - verify each step
- ğŸ”„ **Clean up** test data when finished

---

## ğŸš€ What's Next?

### ğŸ“ˆ **Building Skills Progression:**
```
âœ… Basic table creation
âœ… Single & multiple insertions  
âœ… Data verification
âœ… Table cleanup
    â†“
ğŸ” Advanced SELECT operations
ğŸ“Š Filtering and sorting data
ğŸ”— Working with multiple tables
ğŸ’ª Real-world database projects
```

### ğŸ¯ **Coming Up:**
- ğŸ” **Advanced SELECT** - filtering, sorting, limiting results
- ğŸ“Š **Aggregate functions** - COUNT, SUM, AVG, etc.
- ğŸ¯ **WHERE clauses** - finding specific data
- ğŸ“ˆ **ORDER BY** - sorting results

---

## ğŸ† Congratulations!

**ğŸ‰ You've successfully completed your first hands-on database exercise!**

**Skills unlocked:**
- âœ… **Table design** and creation
- âœ… **Data insertion** (single and multiple)
- âœ… **Data verification** and testing
- âœ… **Database cleanup** and management

**ğŸ’ª You're now ready for more advanced SQL operations!**

*Ready to dive deeper into data retrieval and analysis?* ğŸš€

**Next up: Mastering the SELECT statement for powerful data queries!** ğŸ”

Similar code found with 2 license types
